{
    "scale": [
        0.951853567405244,
        0.951853567405244,
        0.951853567405244
    ],
    "friction_coefficient": 10000000.0,
    "render_asset": "01aa135a058e4d9396c234294d1691ea.glb",
    "requires_lighting": true,
    "up": [
        0.0,
        1.0,
        0.0
    ],
    "front": [
        0.0,
        1.0,
        0.0
    ],
    "spinning_friction_coefficient": 10000000.0,
    "COM": [
        0.0,
        0.0,
        0.0
    ],
    "gravity": [
        0,
        0,
        0
    ],
    "force_flat_shading": true,
    "is_collidable": true,
    "use_mesh_for_collision": true,
    "height": -0.04003804922103882,
    "semantic_id": 7,
    "semantic_category": "hat"
}