{
    "scale": [
        0.001340221338859102,
        0.001340221338859102,
        0.001340221338859102
    ],
    "friction_coefficient": 10000000.0,
    "render_asset": "01b8572f86aa459aaac13ab6f9629406.glb",
    "requires_lighting": true,
    "up": [
        0.0,
        1.0,
        0.0
    ],
    "front": [
        0.0,
        1.0,
        0.0
    ],
    "spinning_friction_coefficient": 10000000.0,
    "COM": [
        0.0,
        0.0,
        0.0
    ],
    "gravity": [
        0,
        0,
        0
    ],
    "force_flat_shading": true,
    "is_collidable": true,
    "use_mesh_for_collision": true,
    "height": 0.0,
    "semantic_id": 2,
    "semantic_category": "ball"
}