{
    "scale": [
        0.15135184998366277,
        0.15135184998366277,
        0.15135184998366277
    ],
    "friction_coefficient": 10000000.0,
    "render_asset": "02c34cb7801d4e2f8b6e55c3084960e3.glb",
    "requires_lighting": true,
    "up": [
        0.0,
        1.0,
        0.0
    ],
    "front": [
        0.0,
        1.0,
        0.0
    ],
    "spinning_friction_coefficient": 10000000.0,
    "COM": [
        0.0,
        0.0,
        0.0
    ],
    "gravity": [
        0,
        0,
        0
    ],
    "force_flat_shading": true,
    "is_collidable": true,
    "use_mesh_for_collision": true,
    "height": 0.0,
    "semantic_id": 12,
    "semantic_category": "shoes"
}