{
    "scale": [
        0.22300276119814708,
        0.22300276119814708,
        0.22300276119814708
    ],
    "friction_coefficient": 10000000.0,
    "render_asset": "03a1523f990d4d82882fb924f9afa5c7.glb",
    "requires_lighting": true,
    "up": [
        0.0,
        1.0,
        0.0
    ],
    "front": [
        0.0,
        1.0,
        0.0
    ],
    "spinning_friction_coefficient": 10000000.0,
    "COM": [
        0.0,
        0.0,
        0.0
    ],
    "gravity": [
        0,
        0,
        0
    ],
    "force_flat_shading": true,
    "is_collidable": true,
    "use_mesh_for_collision": true,
    "height": 0.15999984741210938,
    "semantic_id": 14,
    "semantic_category": "toy"
}