{
    "scale": [
        0.0010329362271341597,
        0.0010329362271341597,
        0.0010329362271341597
    ],
    "friction_coefficient": 10000000.0,
    "render_asset": "04e7ccaf953f4760ba98e3b959f7bdb5.glb",
    "requires_lighting": true,
    "up": [
        0.0,
        1.0,
        0.0
    ],
    "front": [
        0.0,
        1.0,
        0.0
    ],
    "spinning_friction_coefficient": 10000000.0,
    "COM": [
        0.0,
        0.0,
        0.0
    ],
    "gravity": [
        0,
        0,
        0
    ],
    "force_flat_shading": true,
    "is_collidable": true,
    "use_mesh_for_collision": true,
    "semantic_id": 7,
    "semantic_category": "hat"
}