{
    "scale": [
        0.9759598789458909,
        0.9759598789458909,
        0.9759598789458909
    ],
    "friction_coefficient": 10000000.0,
    "render_asset": "0907ce5d49bf41e58082f8a51114e79b.glb",
    "requires_lighting": true,
    "up": [
        0.0,
        1.0,
        0.0
    ],
    "front": [
        0.0,
        1.0,
        0.0
    ],
    "spinning_friction_coefficient": 10000000.0,
    "COM": [
        0.0,
        0.0,
        0.0
    ],
    "gravity": [
        0,
        0,
        0
    ],
    "force_flat_shading": true,
    "is_collidable": true,
    "use_mesh_for_collision": true,
    "semantic_id": 0,
    "semantic_category": "backpack"
}