{
    "scale": [
        0.16815654622271625,
        0.16815654622271625,
        0.16815654622271625
    ],
    "friction_coefficient": 10000000.0,
    "render_asset": "0a64429eff834319814edb94fdb48f26.glb",
    "requires_lighting": true,
    "up": [
        0.0,
        1.0,
        0.0
    ],
    "front": [
        0.0,
        1.0,
        0.0
    ],
    "spinning_friction_coefficient": 10000000.0,
    "COM": [
        0.0,
        0.0,
        0.0
    ],
    "gravity": [
        0,
        0,
        0
    ],
    "force_flat_shading": true,
    "is_collidable": true,
    "use_mesh_for_collision": true,
    "semantic_id": 3,
    "semantic_category": "book"
}