{
    "scale": [
        0.11634086260044295,
        0.11634086260044295,
        0.11634086260044295
    ],
    "friction_coefficient": 10000000.0,
    "render_asset": "0a96f1f19afc432bb22c3d74da546338.glb",
    "requires_lighting": true,
    "up": [
        0.0,
        1.0,
        0.0
    ],
    "front": [
        0.0,
        1.0,
        0.0
    ],
    "spinning_friction_coefficient": 10000000.0,
    "COM": [
        0.0,
        0.0,
        0.0
    ],
    "gravity": [
        0,
        0,
        0
    ],
    "force_flat_shading": true,
    "is_collidable": true,
    "use_mesh_for_collision": true,
    "semantic_id": 2,
    "semantic_category": "ball"
}