{
    "scale": [
        0.11377693756675117,
        0.11377693756675117,
        0.11377693756675117
    ],
    "friction_coefficient": 10000000.0,
    "render_asset": "0b795895343b44b69191ef9b55b35840.glb",
    "requires_lighting": true,
    "up": [
        0.0,
        1.0,
        0.0
    ],
    "front": [
        0.0,
        1.0,
        0.0
    ],
    "spinning_friction_coefficient": 10000000.0,
    "COM": [
        0.0,
        0.0,
        0.0
    ],
    "gravity": [
        0,
        0,
        0
    ],
    "force_flat_shading": true,
    "is_collidable": true,
    "use_mesh_for_collision": true,
    "semantic_id": 0,
    "semantic_category": "backpack"
}