{
    "scale": [
        0.014858133927109768,
        0.014858133927109768,
        0.014858133927109768
    ],
    "friction_coefficient": 10000000.0,
    "render_asset": "0c4ab6e873fb472ebcc2b1b4eb0f1cbc.glb",
    "requires_lighting": true,
    "up": [
        0.0,
        1.0,
        0.0
    ],
    "front": [
        0.0,
        1.0,
        0.0
    ],
    "spinning_friction_coefficient": 10000000.0,
    "COM": [
        0.0,
        0.0,
        0.0
    ],
    "gravity": [
        0,
        0,
        0
    ],
    "force_flat_shading": true,
    "is_collidable": true,
    "use_mesh_for_collision": true,
    "semantic_id": 2,
    "semantic_category": "ball"
}