{
    "scale": [
        0.0013832675442257277,
        0.0013832675442257277,
        0.0013832675442257277
    ],
    "friction_coefficient": 10000000.0,
    "render_asset": "0d6f7320eda243278919828ba6cd2619.glb",
    "requires_lighting": true,
    "up": [
        0.0,
        1.0,
        0.0
    ],
    "front": [
        0.0,
        1.0,
        0.0
    ],
    "spinning_friction_coefficient": 10000000.0,
    "COM": [
        0.0,
        0.0,
        0.0
    ],
    "gravity": [
        0,
        0,
        0
    ],
    "force_flat_shading": true,
    "is_collidable": true,
    "use_mesh_for_collision": true,
    "semantic_id": 8,
    "semantic_category": "headphones"
}