{
    "scale": [
        0.07371995160864754,
        0.07371995160864754,
        0.07371995160864754
    ],
    "friction_coefficient": 10000000.0,
    "render_asset": "0d918571da944ddcaa47ba79eebcb3a6.glb",
    "requires_lighting": true,
    "up": [
        0.0,
        1.0,
        0.0
    ],
    "front": [
        0.0,
        1.0,
        0.0
    ],
    "spinning_friction_coefficient": 10000000.0,
    "COM": [
        0.0,
        0.0,
        0.0
    ],
    "gravity": [
        0,
        0,
        0
    ],
    "force_flat_shading": true,
    "is_collidable": true,
    "use_mesh_for_collision": true,
    "semantic_id": 5,
    "semantic_category": "cellphone"
}