{
    "scale": [
        0.16799746247595176,
        0.16799746247595176,
        0.16799746247595176
    ],
    "friction_coefficient": 10000000.0,
    "render_asset": "0e7168fe43fd4b9a95af5ba54dd32819.glb",
    "requires_lighting": true,
    "up": [
        0.0,
        1.0,
        0.0
    ],
    "front": [
        0.0,
        1.0,
        0.0
    ],
    "spinning_friction_coefficient": 10000000.0,
    "COM": [
        0.0,
        0.0,
        0.0
    ],
    "gravity": [
        0,
        0,
        0
    ],
    "force_flat_shading": true,
    "is_collidable": true,
    "use_mesh_for_collision": true,
    "semantic_id": 2,
    "semantic_category": "ball"
}