{
    "scale": [
        1.0547113526294354,
        1.0547113526294354,
        1.0547113526294354
    ],
    "friction_coefficient": 10000000.0,
    "render_asset": "0f2b2014bb0945ea91ab650934ba6a49.glb",
    "requires_lighting": true,
    "up": [
        0.0,
        1.0,
        0.0
    ],
    "front": [
        0.0,
        1.0,
        0.0
    ],
    "spinning_friction_coefficient": 10000000.0,
    "COM": [
        0.0,
        0.0,
        0.0
    ],
    "gravity": [
        0,
        0,
        0
    ],
    "force_flat_shading": true,
    "is_collidable": true,
    "use_mesh_for_collision": true,
    "semantic_id": 7,
    "semantic_category": "hat"
}