{
    "scale": [
        0.0004937617298085957,
        0.0004937617298085957,
        0.0004937617298085957
    ],
    "friction_coefficient": 10000000.0,
    "render_asset": "16c504d81f5843c3985d7f208c27b79a.glb",
    "requires_lighting": true,
    "up": [
        0.0,
        1.0,
        0.0
    ],
    "front": [
        0.0,
        1.0,
        0.0
    ],
    "spinning_friction_coefficient": 10000000.0,
    "COM": [
        0.0,
        0.0,
        0.0
    ],
    "gravity": [
        0,
        0,
        0
    ],
    "force_flat_shading": true,
    "is_collidable": true,
    "use_mesh_for_collision": true,
    "semantic_id": 7,
    "semantic_category": "hat"
}