{
    "scale": [
        0.1309854939072663,
        0.1309854939072663,
        0.1309854939072663
    ],
    "friction_coefficient": 10000000.0,
    "render_asset": "1b736272e2094baabae1c9f6882f8d94.glb",
    "requires_lighting": true,
    "up": [
        0.0,
        1.0,
        0.0
    ],
    "front": [
        0.0,
        1.0,
        0.0
    ],
    "spinning_friction_coefficient": 10000000.0,
    "COM": [
        0.0,
        0.0,
        0.0
    ],
    "gravity": [
        0,
        0,
        0
    ],
    "force_flat_shading": true,
    "is_collidable": true,
    "use_mesh_for_collision": true,
    "semantic_id": 3,
    "semantic_category": "book"
}