{
    "scale": [
        1.5681415365246252,
        1.5681415365246252,
        1.5681415365246252
    ],
    "friction_coefficient": 10000000.0,
    "render_asset": "1bc786bf78a34e7cad0b559fb7391a47.glb",
    "requires_lighting": true,
    "up": [
        0.0,
        1.0,
        0.0
    ],
    "front": [
        0.0,
        1.0,
        0.0
    ],
    "spinning_friction_coefficient": 10000000.0,
    "COM": [
        0.0,
        0.0,
        0.0
    ],
    "gravity": [
        0,
        0,
        0
    ],
    "force_flat_shading": true,
    "is_collidable": true,
    "use_mesh_for_collision": true,
    "semantic_id": 13,
    "semantic_category": "teddy_bear"
}