{
    "scale": [
        0.6972504344637639,
        0.6972504344637639,
        0.6972504344637639
    ],
    "friction_coefficient": 10000000.0,
    "render_asset": "1d5696178dde4db68c1989a956a91fef.glb",
    "requires_lighting": true,
    "up": [
        0.0,
        1.0,
        0.0
    ],
    "front": [
        0.0,
        1.0,
        0.0
    ],
    "spinning_friction_coefficient": 10000000.0,
    "COM": [
        0.0,
        0.0,
        0.0
    ],
    "gravity": [
        0,
        0,
        0
    ],
    "force_flat_shading": true,
    "is_collidable": true,
    "use_mesh_for_collision": true,
    "semantic_id": 11,
    "semantic_category": "mug"
}