{
    "scale": [
        0.04559615525153775,
        0.04559615525153775,
        0.04559615525153775
    ],
    "friction_coefficient": 10000000.0,
    "render_asset": "1de6daa10a0c442aa64ec126ffce7e2d.glb",
    "requires_lighting": true,
    "up": [
        0.0,
        1.0,
        0.0
    ],
    "front": [
        0.0,
        1.0,
        0.0
    ],
    "spinning_friction_coefficient": 10000000.0,
    "COM": [
        0.0,
        0.0,
        0.0
    ],
    "gravity": [
        0,
        0,
        0
    ],
    "force_flat_shading": true,
    "is_collidable": true,
    "use_mesh_for_collision": true,
    "semantic_id": 14,
    "semantic_category": "toy"
}