{
    "scale": [
        0.15319308129713655,
        0.15319308129713655,
        0.15319308129713655
    ],
    "friction_coefficient": 10000000.0,
    "render_asset": "1e2b45735eb340588a4adecbb4bf5ef0.glb",
    "requires_lighting": true,
    "up": [
        0.0,
        1.0,
        0.0
    ],
    "front": [
        0.0,
        1.0,
        0.0
    ],
    "spinning_friction_coefficient": 10000000.0,
    "COM": [
        0.0,
        0.0,
        0.0
    ],
    "gravity": [
        0,
        0,
        0
    ],
    "force_flat_shading": true,
    "is_collidable": true,
    "use_mesh_for_collision": true,
    "semantic_id": 1,
    "semantic_category": "bag"
}