{
    "scale": [
        1.0716255484284756,
        1.0716255484284756,
        1.0716255484284756
    ],
    "friction_coefficient": 10000000.0,
    "render_asset": "1fa050f58b5443d2aad034496ea2e08a.glb",
    "requires_lighting": true,
    "up": [
        0.0,
        1.0,
        0.0
    ],
    "front": [
        0.0,
        1.0,
        0.0
    ],
    "spinning_friction_coefficient": 10000000.0,
    "COM": [
        0.0,
        0.0,
        0.0
    ],
    "gravity": [
        0,
        0,
        0
    ],
    "force_flat_shading": true,
    "is_collidable": true,
    "use_mesh_for_collision": true,
    "semantic_id": 7,
    "semantic_category": "hat"
}