{
    "scale": [
        0.25249864652077886,
        0.25249864652077886,
        0.25249864652077886
    ],
    "friction_coefficient": 10000000.0,
    "render_asset": "25e1816c0e22444bb62816d3999d1b0b.glb",
    "requires_lighting": true,
    "up": [
        0.0,
        1.0,
        0.0
    ],
    "front": [
        0.0,
        1.0,
        0.0
    ],
    "spinning_friction_coefficient": 10000000.0,
    "COM": [
        0.0,
        0.0,
        0.0
    ],
    "gravity": [
        0,
        0,
        0
    ],
    "force_flat_shading": true,
    "is_collidable": true,
    "use_mesh_for_collision": true,
    "semantic_id": 2,
    "semantic_category": "ball"
}