{
    "scale": [
        0.6187795006652367,
        0.6187795006652367,
        0.6187795006652367
    ],
    "friction_coefficient": 10000000.0,
    "render_asset": "25e82e5c50fd4a05a2259b1da4ee5db0.glb",
    "requires_lighting": true,
    "up": [
        0.0,
        1.0,
        0.0
    ],
    "front": [
        0.0,
        1.0,
        0.0
    ],
    "spinning_friction_coefficient": 10000000.0,
    "COM": [
        0.0,
        0.0,
        0.0
    ],
    "gravity": [
        0,
        0,
        0
    ],
    "force_flat_shading": true,
    "is_collidable": true,
    "use_mesh_for_collision": true,
    "semantic_id": 16,
    "semantic_category": "wallet"
}