{
    "scale": [
        1.4893094855039817,
        1.4893094855039817,
        1.4893094855039817
    ],
    "friction_coefficient": 10000000.0,
    "render_asset": "25f768edfd9245f0b018d40fa72c686e.glb",
    "requires_lighting": true,
    "up": [
        0.0,
        1.0,
        0.0
    ],
    "front": [
        0.0,
        1.0,
        0.0
    ],
    "spinning_friction_coefficient": 10000000.0,
    "COM": [
        0.0,
        0.0,
        0.0
    ],
    "gravity": [
        0,
        0,
        0
    ],
    "force_flat_shading": true,
    "is_collidable": true,
    "use_mesh_for_collision": true,
    "semantic_id": 1,
    "semantic_category": "bag"
}