{
    "scale": [
        0.009491473430209996,
        0.009491473430209996,
        0.009491473430209996
    ],
    "friction_coefficient": 10000000.0,
    "render_asset": "26e586dc98164c959ead3f941c238bea.glb",
    "requires_lighting": true,
    "up": [
        0.0,
        1.0,
        0.0
    ],
    "front": [
        0.0,
        1.0,
        0.0
    ],
    "spinning_friction_coefficient": 10000000.0,
    "COM": [
        0.0,
        0.0,
        0.0
    ],
    "gravity": [
        0,
        0,
        0
    ],
    "force_flat_shading": true,
    "is_collidable": true,
    "use_mesh_for_collision": true,
    "semantic_id": 1,
    "semantic_category": "bag"
}