{
    "scale": [
        0.008338613269178044,
        0.008338613269178044,
        0.008338613269178044
    ],
    "friction_coefficient": 10000000.0,
    "render_asset": "2a09a3dc75364c8c84b25d2cc235cb9b.glb",
    "requires_lighting": true,
    "up": [
        0.0,
        1.0,
        0.0
    ],
    "front": [
        0.0,
        1.0,
        0.0
    ],
    "spinning_friction_coefficient": 10000000.0,
    "COM": [
        0.0,
        0.0,
        0.0
    ],
    "gravity": [
        0,
        0,
        0
    ],
    "force_flat_shading": true,
    "is_collidable": true,
    "use_mesh_for_collision": true,
    "semantic_id": 4,
    "semantic_category": "camera"
}