{
    "scale": [
        1.0536351860020663,
        1.0536351860020663,
        1.0536351860020663
    ],
    "friction_coefficient": 10000000.0,
    "render_asset": "2c9e9a7374334d55a6a343f2abf40618.glb",
    "requires_lighting": true,
    "up": [
        0.0,
        1.0,
        0.0
    ],
    "front": [
        0.0,
        1.0,
        0.0
    ],
    "spinning_friction_coefficient": 10000000.0,
    "COM": [
        0.0,
        0.0,
        0.0
    ],
    "gravity": [
        0,
        0,
        0
    ],
    "force_flat_shading": true,
    "is_collidable": true,
    "use_mesh_for_collision": true,
    "semantic_id": 4,
    "semantic_category": "camera"
}