{
    "scale": [
        0.058664448507023126,
        0.058664448507023126,
        0.058664448507023126
    ],
    "friction_coefficient": 10000000.0,
    "render_asset": "30afb0dd7d714f6bbbcd4acc891214da.glb",
    "requires_lighting": true,
    "up": [
        0.0,
        1.0,
        0.0
    ],
    "front": [
        0.0,
        1.0,
        0.0
    ],
    "spinning_friction_coefficient": 10000000.0,
    "COM": [
        0.0,
        0.0,
        0.0
    ],
    "gravity": [
        0,
        0,
        0
    ],
    "force_flat_shading": true,
    "is_collidable": true,
    "use_mesh_for_collision": true,
    "semantic_id": 9,
    "semantic_category": "keys"
}