{
    "scale": [
        0.0039740300612231,
        0.0039740300612231,
        0.0039740300612231
    ],
    "friction_coefficient": 10000000.0,
    "render_asset": "33928b27e24b42dda77b4f6eb83172c0.glb",
    "requires_lighting": true,
    "up": [
        0.0,
        1.0,
        0.0
    ],
    "front": [
        0.0,
        1.0,
        0.0
    ],
    "spinning_friction_coefficient": 10000000.0,
    "COM": [
        0.0,
        0.0,
        0.0
    ],
    "gravity": [
        0,
        0,
        0
    ],
    "force_flat_shading": true,
    "is_collidable": true,
    "use_mesh_for_collision": true,
    "semantic_id": 2,
    "semantic_category": "ball"
}