{
    "scale": [
        0.0007999519917959354,
        0.0007999519917959354,
        0.0007999519917959354
    ],
    "friction_coefficient": 10000000.0,
    "render_asset": "33cc7075401a424fb60e8c32e3fe144b.glb",
    "requires_lighting": true,
    "up": [
        0.0,
        1.0,
        0.0
    ],
    "front": [
        0.0,
        1.0,
        0.0
    ],
    "spinning_friction_coefficient": 10000000.0,
    "COM": [
        0.0,
        0.0,
        0.0
    ],
    "gravity": [
        0,
        0,
        0
    ],
    "force_flat_shading": true,
    "is_collidable": true,
    "use_mesh_for_collision": true,
    "semantic_id": 7,
    "semantic_category": "hat"
}