{
    "scale": [
        0.0012163796786138605,
        0.0012163796786138605,
        0.0012163796786138605
    ],
    "friction_coefficient": 10000000.0,
    "render_asset": "35cb3f748d404b8692c93dd168f9973b.glb",
    "requires_lighting": true,
    "up": [
        0.0,
        1.0,
        0.0
    ],
    "front": [
        0.0,
        1.0,
        0.0
    ],
    "spinning_friction_coefficient": 10000000.0,
    "COM": [
        0.0,
        0.0,
        0.0
    ],
    "gravity": [
        0,
        0,
        0
    ],
    "force_flat_shading": true,
    "is_collidable": true,
    "use_mesh_for_collision": true,
    "semantic_id": 17,
    "semantic_category": "watch"
}