{
    "scale": [
        0.2091839472379735,
        0.2091839472379735,
        0.2091839472379735
    ],
    "friction_coefficient": 10000000.0,
    "render_asset": "3968f873c3c54957a3953663e4961bec.glb",
    "requires_lighting": true,
    "up": [
        0.0,
        1.0,
        0.0
    ],
    "front": [
        0.0,
        1.0,
        0.0
    ],
    "spinning_friction_coefficient": 10000000.0,
    "COM": [
        0.0,
        0.0,
        0.0
    ],
    "gravity": [
        0,
        0,
        0
    ],
    "force_flat_shading": true,
    "is_collidable": true,
    "use_mesh_for_collision": true,
    "semantic_id": 16,
    "semantic_category": "wallet"
}