{
    "scale": [
        0.0005278239379146432,
        0.0005278239379146432,
        0.0005278239379146432
    ],
    "friction_coefficient": 10000000.0,
    "render_asset": "3ab5f94d4f3745a48c7b8e5023836f8e.glb",
    "requires_lighting": true,
    "up": [
        0.0,
        1.0,
        0.0
    ],
    "front": [
        0.0,
        1.0,
        0.0
    ],
    "spinning_friction_coefficient": 10000000.0,
    "COM": [
        0.0,
        0.0,
        0.0
    ],
    "gravity": [
        0,
        0,
        0
    ],
    "force_flat_shading": true,
    "is_collidable": true,
    "use_mesh_for_collision": true,
    "semantic_id": 13,
    "semantic_category": "teddy_bear"
}