{
    "scale": [
        0.013486965297293882,
        0.013486965297293882,
        0.013486965297293882
    ],
    "friction_coefficient": 10000000.0,
    "render_asset": "3b549cefd7c241afa1cad95c1b5d5666.glb",
    "requires_lighting": true,
    "up": [
        0.0,
        1.0,
        0.0
    ],
    "front": [
        0.0,
        1.0,
        0.0
    ],
    "spinning_friction_coefficient": 10000000.0,
    "COM": [
        0.0,
        0.0,
        0.0
    ],
    "gravity": [
        0,
        0,
        0
    ],
    "force_flat_shading": true,
    "is_collidable": true,
    "use_mesh_for_collision": true,
    "semantic_id": 3,
    "semantic_category": "book"
}