{
    "scale": [
        0.0009944397810120094,
        0.0009944397810120094,
        0.0009944397810120094
    ],
    "friction_coefficient": 10000000.0,
    "render_asset": "3dd47c86556248c3b78f6d43ab1a4df6.glb",
    "requires_lighting": true,
    "up": [
        0.0,
        1.0,
        0.0
    ],
    "front": [
        0.0,
        1.0,
        0.0
    ],
    "spinning_friction_coefficient": 10000000.0,
    "COM": [
        0.0,
        0.0,
        0.0
    ],
    "gravity": [
        0,
        0,
        0
    ],
    "force_flat_shading": true,
    "is_collidable": true,
    "use_mesh_for_collision": true,
    "semantic_id": 17,
    "semantic_category": "watch"
}