{
    "scale": [
        0.13288141465922013,
        0.13288141465922013,
        0.13288141465922013
    ],
    "friction_coefficient": 10000000.0,
    "render_asset": "3f8debf633ed40da8d2d19d64632f98e.glb",
    "requires_lighting": true,
    "up": [
        0.0,
        1.0,
        0.0
    ],
    "front": [
        0.0,
        1.0,
        0.0
    ],
    "spinning_friction_coefficient": 10000000.0,
    "COM": [
        0.0,
        0.0,
        0.0
    ],
    "gravity": [
        0,
        0,
        0
    ],
    "force_flat_shading": true,
    "is_collidable": true,
    "use_mesh_for_collision": true,
    "semantic_id": 2,
    "semantic_category": "ball"
}