{
    "scale": [
        0.6334750696354814,
        0.6334750696354814,
        0.6334750696354814
    ],
    "friction_coefficient": 10000000.0,
    "render_asset": "413d75a26c9944f7946984e10692d97d.glb",
    "requires_lighting": true,
    "up": [
        0.0,
        1.0,
        0.0
    ],
    "front": [
        0.0,
        1.0,
        0.0
    ],
    "spinning_friction_coefficient": 10000000.0,
    "COM": [
        0.0,
        0.0,
        0.0
    ],
    "gravity": [
        0,
        0,
        0
    ],
    "force_flat_shading": true,
    "is_collidable": true,
    "use_mesh_for_collision": true,
    "semantic_id": 7,
    "semantic_category": "hat"
}