{
    "scale": [
        0.1421599495661114,
        0.1421599495661114,
        0.1421599495661114
    ],
    "friction_coefficient": 10000000.0,
    "render_asset": "41c7f9707c9744b1b8cc849c7dee4982.glb",
    "requires_lighting": true,
    "up": [
        0.0,
        1.0,
        0.0
    ],
    "front": [
        0.0,
        1.0,
        0.0
    ],
    "spinning_friction_coefficient": 10000000.0,
    "COM": [
        0.0,
        0.0,
        0.0
    ],
    "gravity": [
        0,
        0,
        0
    ],
    "force_flat_shading": true,
    "is_collidable": true,
    "use_mesh_for_collision": true,
    "semantic_id": 14,
    "semantic_category": "toy"
}