{
    "scale": [
        0.06210476536097365,
        0.06210476536097365,
        0.06210476536097365
    ],
    "friction_coefficient": 10000000.0,
    "render_asset": "46108075eeb340fbb3873dadc17d86f9.glb",
    "requires_lighting": true,
    "up": [
        0.0,
        1.0,
        0.0
    ],
    "front": [
        0.0,
        1.0,
        0.0
    ],
    "spinning_friction_coefficient": 10000000.0,
    "COM": [
        0.0,
        0.0,
        0.0
    ],
    "gravity": [
        0,
        0,
        0
    ],
    "force_flat_shading": true,
    "is_collidable": true,
    "use_mesh_for_collision": true,
    "semantic_id": 10,
    "semantic_category": "laptop"
}