{
    "scale": [
        0.8734990941282328,
        0.8734990941282328,
        0.8734990941282328
    ],
    "friction_coefficient": 10000000.0,
    "render_asset": "4611b015f9584e5ca886dac8e065e550.glb",
    "requires_lighting": true,
    "up": [
        0.0,
        1.0,
        0.0
    ],
    "front": [
        0.0,
        1.0,
        0.0
    ],
    "spinning_friction_coefficient": 10000000.0,
    "COM": [
        0.0,
        0.0,
        0.0
    ],
    "gravity": [
        0,
        0,
        0
    ],
    "force_flat_shading": true,
    "is_collidable": true,
    "use_mesh_for_collision": true,
    "semantic_id": 16,
    "semantic_category": "wallet"
}