{
    "scale": [
        0.013276501556765158,
        0.013276501556765158,
        0.013276501556765158
    ],
    "friction_coefficient": 10000000.0,
    "render_asset": "48f47dbd9469443d840af6db926d1da6.glb",
    "requires_lighting": true,
    "up": [
        0.0,
        1.0,
        0.0
    ],
    "front": [
        0.0,
        1.0,
        0.0
    ],
    "spinning_friction_coefficient": 10000000.0,
    "COM": [
        0.0,
        0.0,
        0.0
    ],
    "gravity": [
        0,
        0,
        0
    ],
    "force_flat_shading": true,
    "is_collidable": true,
    "use_mesh_for_collision": true,
    "semantic_id": 7,
    "semantic_category": "hat"
}