{
    "scale": [
        0.20898782268255975,
        0.20898782268255975,
        0.20898782268255975
    ],
    "friction_coefficient": 10000000.0,
    "render_asset": "49f0fced1bf849128227ca8d9898a21b.glb",
    "requires_lighting": true,
    "up": [
        0.0,
        1.0,
        0.0
    ],
    "front": [
        0.0,
        1.0,
        0.0
    ],
    "spinning_friction_coefficient": 10000000.0,
    "COM": [
        0.0,
        0.0,
        0.0
    ],
    "gravity": [
        0,
        0,
        0
    ],
    "force_flat_shading": true,
    "is_collidable": true,
    "use_mesh_for_collision": true,
    "semantic_id": 7,
    "semantic_category": "hat"
}