{
    "scale": [
        0.0005680148069307642,
        0.0005680148069307642,
        0.0005680148069307642
    ],
    "friction_coefficient": 10000000.0,
    "render_asset": "4c2e2708d0184a2c87158706131c3cb3.glb",
    "requires_lighting": true,
    "up": [
        0.0,
        1.0,
        0.0
    ],
    "front": [
        0.0,
        1.0,
        0.0
    ],
    "spinning_friction_coefficient": 10000000.0,
    "COM": [
        0.0,
        0.0,
        0.0
    ],
    "gravity": [
        0,
        0,
        0
    ],
    "force_flat_shading": true,
    "is_collidable": true,
    "use_mesh_for_collision": true,
    "semantic_id": 4,
    "semantic_category": "camera"
}