{
    "scale": [
        0.032983886462041236,
        0.032983886462041236,
        0.032983886462041236
    ],
    "friction_coefficient": 10000000.0,
    "render_asset": "4eed68df8fb84284a91f42a6c6e4569c.glb",
    "requires_lighting": true,
    "up": [
        0.0,
        1.0,
        0.0
    ],
    "front": [
        0.0,
        1.0,
        0.0
    ],
    "spinning_friction_coefficient": 10000000.0,
    "COM": [
        0.0,
        0.0,
        0.0
    ],
    "gravity": [
        0,
        0,
        0
    ],
    "force_flat_shading": true,
    "is_collidable": true,
    "use_mesh_for_collision": true,
    "semantic_id": 7,
    "semantic_category": "hat"
}