{
    "scale": [
        0.009953106513946649,
        0.009953106513946649,
        0.009953106513946649
    ],
    "friction_coefficient": 10000000.0,
    "render_asset": "5377e2fa1d904a8c919341c6b3e0f182.glb",
    "requires_lighting": true,
    "up": [
        0.0,
        1.0,
        0.0
    ],
    "front": [
        0.0,
        1.0,
        0.0
    ],
    "spinning_friction_coefficient": 10000000.0,
    "COM": [
        0.0,
        0.0,
        0.0
    ],
    "gravity": [
        0,
        0,
        0
    ],
    "force_flat_shading": true,
    "is_collidable": true,
    "use_mesh_for_collision": true,
    "semantic_id": 2,
    "semantic_category": "ball"
}