{
    "scale": [
        0.16996676815573958,
        0.16996676815573958,
        0.16996676815573958
    ],
    "friction_coefficient": 10000000.0,
    "render_asset": "55754ea96b5941f0baba30dcc1b61bb8.glb",
    "requires_lighting": true,
    "up": [
        0.0,
        1.0,
        0.0
    ],
    "front": [
        0.0,
        1.0,
        0.0
    ],
    "spinning_friction_coefficient": 10000000.0,
    "COM": [
        0.0,
        0.0,
        0.0
    ],
    "gravity": [
        0,
        0,
        0
    ],
    "force_flat_shading": true,
    "is_collidable": true,
    "use_mesh_for_collision": true,
    "semantic_id": 7,
    "semantic_category": "hat"
}