{
    "scale": [
        0.07006669065889298,
        0.07006669065889298,
        0.07006669065889298
    ],
    "friction_coefficient": 10000000.0,
    "render_asset": "5594893683184664b166db8a28a55bc0.glb",
    "requires_lighting": true,
    "up": [
        0.0,
        1.0,
        0.0
    ],
    "front": [
        0.0,
        1.0,
        0.0
    ],
    "spinning_friction_coefficient": 10000000.0,
    "COM": [
        0.0,
        0.0,
        0.0
    ],
    "gravity": [
        0,
        0,
        0
    ],
    "force_flat_shading": true,
    "is_collidable": true,
    "use_mesh_for_collision": true,
    "semantic_id": 6,
    "semantic_category": "eyeglasses"
}