{
    "scale": [
        0.1282980091934747,
        0.1282980091934747,
        0.1282980091934747
    ],
    "friction_coefficient": 10000000.0,
    "render_asset": "570b82c4391c49ddb1e471e6e55de9f4.glb",
    "requires_lighting": true,
    "up": [
        0.0,
        1.0,
        0.0
    ],
    "front": [
        0.0,
        1.0,
        0.0
    ],
    "spinning_friction_coefficient": 10000000.0,
    "COM": [
        0.0,
        0.0,
        0.0
    ],
    "gravity": [
        0,
        0,
        0
    ],
    "force_flat_shading": true,
    "is_collidable": true,
    "use_mesh_for_collision": true,
    "semantic_id": 2,
    "semantic_category": "ball"
}