{
    "scale": [
        0.0015141709384348374,
        0.0015141709384348374,
        0.0015141709384348374
    ],
    "friction_coefficient": 10000000.0,
    "render_asset": "57e400b973a04c61a18c716c35a3d1eb.glb",
    "requires_lighting": true,
    "up": [
        0.0,
        1.0,
        0.0
    ],
    "front": [
        0.0,
        1.0,
        0.0
    ],
    "spinning_friction_coefficient": 10000000.0,
    "COM": [
        0.0,
        0.0,
        0.0
    ],
    "gravity": [
        0,
        0,
        0
    ],
    "force_flat_shading": true,
    "is_collidable": true,
    "use_mesh_for_collision": true,
    "semantic_id": 3,
    "semantic_category": "book"
}