{
    "scale": [
        0.008129996304090465,
        0.008129996304090465,
        0.008129996304090465
    ],
    "friction_coefficient": 10000000.0,
    "render_asset": "5bc2e07062bb432fb6dcae7305a4185b.glb",
    "requires_lighting": true,
    "up": [
        0.0,
        1.0,
        0.0
    ],
    "front": [
        0.0,
        1.0,
        0.0
    ],
    "spinning_friction_coefficient": 10000000.0,
    "COM": [
        0.0,
        0.0,
        0.0
    ],
    "gravity": [
        0,
        0,
        0
    ],
    "force_flat_shading": true,
    "is_collidable": true,
    "use_mesh_for_collision": true,
    "semantic_id": 9,
    "semantic_category": "keys"
}