{
    "scale": [
        1.0280832490951033,
        1.0280832490951033,
        1.0280832490951033
    ],
    "friction_coefficient": 10000000.0,
    "render_asset": "5c4681af5db54367b51b2bf37e5b2427.glb",
    "requires_lighting": true,
    "up": [
        0.0,
        1.0,
        0.0
    ],
    "front": [
        0.0,
        1.0,
        0.0
    ],
    "spinning_friction_coefficient": 10000000.0,
    "COM": [
        0.0,
        0.0,
        0.0
    ],
    "gravity": [
        0,
        0,
        0
    ],
    "force_flat_shading": true,
    "is_collidable": true,
    "use_mesh_for_collision": true,
    "semantic_id": 12,
    "semantic_category": "shoes"
}