{
    "scale": [
        0.007375930843650485,
        0.007375930843650485,
        0.007375930843650485
    ],
    "friction_coefficient": 10000000.0,
    "render_asset": "5d9f94e4f5034d8cba3ac4b05dbc06ad.glb",
    "requires_lighting": true,
    "up": [
        0.0,
        1.0,
        0.0
    ],
    "front": [
        0.0,
        1.0,
        0.0
    ],
    "spinning_friction_coefficient": 10000000.0,
    "COM": [
        0.0,
        0.0,
        0.0
    ],
    "gravity": [
        0,
        0,
        0
    ],
    "force_flat_shading": true,
    "is_collidable": true,
    "use_mesh_for_collision": true,
    "semantic_id": 17,
    "semantic_category": "watch"
}