{
    "scale": [
        2.6127564642871493e-05,
        2.6127564642871493e-05,
        2.6127564642871493e-05
    ],
    "friction_coefficient": 10000000.0,
    "render_asset": "5f895096f9ce422a9ecfe6757c4c43fb.glb",
    "requires_lighting": true,
    "up": [
        0.0,
        1.0,
        0.0
    ],
    "front": [
        0.0,
        1.0,
        0.0
    ],
    "spinning_friction_coefficient": 10000000.0,
    "COM": [
        0.0,
        0.0,
        0.0
    ],
    "gravity": [
        0,
        0,
        0
    ],
    "force_flat_shading": true,
    "is_collidable": true,
    "use_mesh_for_collision": true,
    "semantic_id": 14,
    "semantic_category": "toy"
}