{
    "scale": [
        0.000838730410002571,
        0.000838730410002571,
        0.000838730410002571
    ],
    "friction_coefficient": 10000000.0,
    "render_asset": "625b0a764d0f40d48f3140acdd644823.glb",
    "requires_lighting": true,
    "up": [
        0.0,
        1.0,
        0.0
    ],
    "front": [
        0.0,
        1.0,
        0.0
    ],
    "spinning_friction_coefficient": 10000000.0,
    "COM": [
        0.0,
        0.0,
        0.0
    ],
    "gravity": [
        0,
        0,
        0
    ],
    "force_flat_shading": true,
    "is_collidable": true,
    "use_mesh_for_collision": true,
    "semantic_id": 17,
    "semantic_category": "watch"
}