{
    "scale": [
        0.4153623223190837,
        0.4153623223190837,
        0.4153623223190837
    ],
    "friction_coefficient": 10000000.0,
    "render_asset": "64a026bc4c4c4e1b865193d8f85ae586.glb",
    "requires_lighting": true,
    "up": [
        0.0,
        1.0,
        0.0
    ],
    "front": [
        0.0,
        1.0,
        0.0
    ],
    "spinning_friction_coefficient": 10000000.0,
    "COM": [
        0.0,
        0.0,
        0.0
    ],
    "gravity": [
        0,
        0,
        0
    ],
    "force_flat_shading": true,
    "is_collidable": true,
    "use_mesh_for_collision": true,
    "semantic_id": 9,
    "semantic_category": "keys"
}