{
    "scale": [
        0.015520313145120347,
        0.015520313145120347,
        0.015520313145120347
    ],
    "friction_coefficient": 10000000.0,
    "render_asset": "64c47e2710a847c89874d016b5f0c6d5.glb",
    "requires_lighting": true,
    "up": [
        0.0,
        1.0,
        0.0
    ],
    "front": [
        0.0,
        1.0,
        0.0
    ],
    "spinning_friction_coefficient": 10000000.0,
    "COM": [
        0.0,
        0.0,
        0.0
    ],
    "gravity": [
        0,
        0,
        0
    ],
    "force_flat_shading": true,
    "is_collidable": true,
    "use_mesh_for_collision": true,
    "semantic_id": 11,
    "semantic_category": "mug"
}