{
    "scale": [
        0.031318679785835864,
        0.031318679785835864,
        0.031318679785835864
    ],
    "friction_coefficient": 10000000.0,
    "render_asset": "67c8e50de6d44feb848e066decd8b17b.glb",
    "requires_lighting": true,
    "up": [
        0.0,
        1.0,
        0.0
    ],
    "front": [
        0.0,
        1.0,
        0.0
    ],
    "spinning_friction_coefficient": 10000000.0,
    "COM": [
        0.0,
        0.0,
        0.0
    ],
    "gravity": [
        0,
        0,
        0
    ],
    "force_flat_shading": true,
    "is_collidable": true,
    "use_mesh_for_collision": true,
    "semantic_id": 13,
    "semantic_category": "teddy_bear"
}