{
    "scale": [
        0.47390895883225864,
        0.47390895883225864,
        0.47390895883225864
    ],
    "friction_coefficient": 10000000.0,
    "render_asset": "6e88df4dd7e04beda14b5af4edd2382d.glb",
    "requires_lighting": true,
    "up": [
        0.0,
        1.0,
        0.0
    ],
    "front": [
        0.0,
        1.0,
        0.0
    ],
    "spinning_friction_coefficient": 10000000.0,
    "COM": [
        0.0,
        0.0,
        0.0
    ],
    "gravity": [
        0,
        0,
        0
    ],
    "force_flat_shading": true,
    "is_collidable": true,
    "use_mesh_for_collision": true,
    "semantic_id": 4,
    "semantic_category": "camera"
}