{
    "scale": [
        0.08268019074889178,
        0.08268019074889178,
        0.08268019074889178
    ],
    "friction_coefficient": 10000000.0,
    "render_asset": "6e9fecc83b904ec3b290f599dfb7804b.glb",
    "requires_lighting": true,
    "up": [
        0.0,
        1.0,
        0.0
    ],
    "front": [
        0.0,
        1.0,
        0.0
    ],
    "spinning_friction_coefficient": 10000000.0,
    "COM": [
        0.0,
        0.0,
        0.0
    ],
    "gravity": [
        0,
        0,
        0
    ],
    "force_flat_shading": true,
    "is_collidable": true,
    "use_mesh_for_collision": true,
    "semantic_id": 5,
    "semantic_category": "cellphone"
}