{
    "scale": [
        0.0006187904074034681,
        0.0006187904074034681,
        0.0006187904074034681
    ],
    "friction_coefficient": 10000000.0,
    "render_asset": "700d1a22ed0b405fb58cd4ba74bcdaa1.glb",
    "requires_lighting": true,
    "up": [
        0.0,
        1.0,
        0.0
    ],
    "front": [
        0.0,
        1.0,
        0.0
    ],
    "spinning_friction_coefficient": 10000000.0,
    "COM": [
        0.0,
        0.0,
        0.0
    ],
    "gravity": [
        0,
        0,
        0
    ],
    "force_flat_shading": true,
    "is_collidable": true,
    "use_mesh_for_collision": true,
    "semantic_id": 17,
    "semantic_category": "watch"
}