{
    "scale": [
        0.19909512819258954,
        0.19909512819258954,
        0.19909512819258954
    ],
    "friction_coefficient": 10000000.0,
    "render_asset": "77fb5cc31a3a47de80775d58bdcf28d9.glb",
    "requires_lighting": true,
    "up": [
        0.0,
        1.0,
        0.0
    ],
    "front": [
        0.0,
        1.0,
        0.0
    ],
    "spinning_friction_coefficient": 10000000.0,
    "COM": [
        0.0,
        0.0,
        0.0
    ],
    "gravity": [
        0,
        0,
        0
    ],
    "force_flat_shading": true,
    "is_collidable": true,
    "use_mesh_for_collision": true,
    "semantic_id": 10,
    "semantic_category": "laptop"
}