{
    "scale": [
        0.07692199963799315,
        0.07692199963799315,
        0.07692199963799315
    ],
    "friction_coefficient": 10000000.0,
    "render_asset": "7b87a4420fae44a0875dcb4fd0ad6aa0.glb",
    "requires_lighting": true,
    "up": [
        0.0,
        1.0,
        0.0
    ],
    "front": [
        0.0,
        1.0,
        0.0
    ],
    "spinning_friction_coefficient": 10000000.0,
    "COM": [
        0.0,
        0.0,
        0.0
    ],
    "gravity": [
        0,
        0,
        0
    ],
    "force_flat_shading": true,
    "is_collidable": true,
    "use_mesh_for_collision": true,
    "semantic_id": 6,
    "semantic_category": "eyeglasses"
}