{
    "scale": [
        0.0012657089549331963,
        0.0012657089549331963,
        0.0012657089549331963
    ],
    "friction_coefficient": 10000000.0,
    "render_asset": "7c1ef69d70824318aad99bcdce3a849a.glb",
    "requires_lighting": true,
    "up": [
        0.0,
        1.0,
        0.0
    ],
    "front": [
        0.0,
        1.0,
        0.0
    ],
    "spinning_friction_coefficient": 10000000.0,
    "COM": [
        0.0,
        0.0,
        0.0
    ],
    "gravity": [
        0,
        0,
        0
    ],
    "force_flat_shading": true,
    "is_collidable": true,
    "use_mesh_for_collision": true,
    "semantic_id": 17,
    "semantic_category": "watch"
}