{
    "scale": [
        0.0012096336631809174,
        0.0012096336631809174,
        0.0012096336631809174
    ],
    "friction_coefficient": 10000000.0,
    "render_asset": "7c48b36d92c9470e8a48776a21844c79.glb",
    "requires_lighting": true,
    "up": [
        0.0,
        1.0,
        0.0
    ],
    "front": [
        0.0,
        1.0,
        0.0
    ],
    "spinning_friction_coefficient": 10000000.0,
    "COM": [
        0.0,
        0.0,
        0.0
    ],
    "gravity": [
        0,
        0,
        0
    ],
    "force_flat_shading": true,
    "is_collidable": true,
    "use_mesh_for_collision": true,
    "semantic_id": 9,
    "semantic_category": "keys"
}