{
    "scale": [
        0.6949386123906437,
        0.6949386123906437,
        0.6949386123906437
    ],
    "friction_coefficient": 10000000.0,
    "render_asset": "7fcd331ea7a641d78bbe83bcb750be96.glb",
    "requires_lighting": true,
    "up": [
        0.0,
        1.0,
        0.0
    ],
    "front": [
        0.0,
        1.0,
        0.0
    ],
    "spinning_friction_coefficient": 10000000.0,
    "COM": [
        0.0,
        0.0,
        0.0
    ],
    "gravity": [
        0,
        0,
        0
    ],
    "force_flat_shading": true,
    "is_collidable": true,
    "use_mesh_for_collision": true,
    "semantic_id": 8,
    "semantic_category": "headphones"
}