{
    "scale": [
        0.3554358838569212,
        0.3554358838569212,
        0.3554358838569212
    ],
    "friction_coefficient": 10000000.0,
    "render_asset": "80fff753c8ed4ac9b1a9520d4176f370.glb",
    "requires_lighting": true,
    "up": [
        0.0,
        1.0,
        0.0
    ],
    "front": [
        0.0,
        1.0,
        0.0
    ],
    "spinning_friction_coefficient": 10000000.0,
    "COM": [
        0.0,
        0.0,
        0.0
    ],
    "gravity": [
        0,
        0,
        0
    ],
    "force_flat_shading": true,
    "is_collidable": true,
    "use_mesh_for_collision": true,
    "semantic_id": 4,
    "semantic_category": "camera"
}