{
    "scale": [
        0.022224836150923397,
        0.022224836150923397,
        0.022224836150923397
    ],
    "friction_coefficient": 10000000.0,
    "render_asset": "894dce603c3a4520b6ae1c42585b65d5.glb",
    "requires_lighting": true,
    "up": [
        0.0,
        1.0,
        0.0
    ],
    "front": [
        0.0,
        1.0,
        0.0
    ],
    "spinning_friction_coefficient": 10000000.0,
    "COM": [
        0.0,
        0.0,
        0.0
    ],
    "gravity": [
        0,
        0,
        0
    ],
    "force_flat_shading": true,
    "is_collidable": true,
    "use_mesh_for_collision": true,
    "semantic_id": 7,
    "semantic_category": "hat"
}