{
    "scale": [
        0.030076043411944416,
        0.030076043411944416,
        0.030076043411944416
    ],
    "friction_coefficient": 10000000.0,
    "render_asset": "8ce1da97aa404bc099a898f29a3025ae.glb",
    "requires_lighting": true,
    "up": [
        0.0,
        1.0,
        0.0
    ],
    "front": [
        0.0,
        1.0,
        0.0
    ],
    "spinning_friction_coefficient": 10000000.0,
    "COM": [
        0.0,
        0.0,
        0.0
    ],
    "gravity": [
        0,
        0,
        0
    ],
    "force_flat_shading": true,
    "is_collidable": true,
    "use_mesh_for_collision": true,
    "semantic_id": 13,
    "semantic_category": "teddy_bear"
}