{
    "scale": [
        0.16096829017554273,
        0.16096829017554273,
        0.16096829017554273
    ],
    "friction_coefficient": 10000000.0,
    "render_asset": "8e0288f099bb418199e8896c19bed05e.glb",
    "requires_lighting": true,
    "up": [
        0.0,
        1.0,
        0.0
    ],
    "front": [
        0.0,
        1.0,
        0.0
    ],
    "spinning_friction_coefficient": 10000000.0,
    "COM": [
        0.0,
        0.0,
        0.0
    ],
    "gravity": [
        0,
        0,
        0
    ],
    "force_flat_shading": true,
    "is_collidable": true,
    "use_mesh_for_collision": true,
    "semantic_id": 14,
    "semantic_category": "toy"
}