{
    "scale": [
        0.0015839807320712795,
        0.0015839807320712795,
        0.0015839807320712795
    ],
    "friction_coefficient": 10000000.0,
    "render_asset": "8ee486a0d62c4723a5432c35384d17a5.glb",
    "requires_lighting": true,
    "up": [
        0.0,
        1.0,
        0.0
    ],
    "front": [
        0.0,
        1.0,
        0.0
    ],
    "spinning_friction_coefficient": 10000000.0,
    "COM": [
        0.0,
        0.0,
        0.0
    ],
    "gravity": [
        0,
        0,
        0
    ],
    "force_flat_shading": true,
    "is_collidable": true,
    "use_mesh_for_collision": true,
    "semantic_id": 11,
    "semantic_category": "mug"
}