{
    "scale": [
        0.00016598840079049833,
        0.00016598840079049833,
        0.00016598840079049833
    ],
    "friction_coefficient": 10000000.0,
    "render_asset": "92167e12a3f04ca691a5126f25976017.glb",
    "requires_lighting": true,
    "up": [
        0.0,
        1.0,
        0.0
    ],
    "front": [
        0.0,
        1.0,
        0.0
    ],
    "spinning_friction_coefficient": 10000000.0,
    "COM": [
        0.0,
        0.0,
        0.0
    ],
    "gravity": [
        0,
        0,
        0
    ],
    "force_flat_shading": true,
    "is_collidable": true,
    "use_mesh_for_collision": true,
    "semantic_id": 9,
    "semantic_category": "keys"
}