{
    "scale": [
        0.05027792041890024,
        0.05027792041890024,
        0.05027792041890024
    ],
    "friction_coefficient": 10000000.0,
    "render_asset": "96214d9254364b1b8e6169fb8116f08c.glb",
    "requires_lighting": true,
    "up": [
        0.0,
        1.0,
        0.0
    ],
    "front": [
        0.0,
        1.0,
        0.0
    ],
    "spinning_friction_coefficient": 10000000.0,
    "COM": [
        0.0,
        0.0,
        0.0
    ],
    "gravity": [
        0,
        0,
        0
    ],
    "force_flat_shading": true,
    "is_collidable": true,
    "use_mesh_for_collision": true,
    "semantic_id": 11,
    "semantic_category": "mug"
}