{
    "scale": [
        0.07795017911330929,
        0.07795017911330929,
        0.07795017911330929
    ],
    "friction_coefficient": 10000000.0,
    "render_asset": "96517c1c7be642c78ee4645f0fd741ff.glb",
    "requires_lighting": true,
    "up": [
        0.0,
        1.0,
        0.0
    ],
    "front": [
        0.0,
        1.0,
        0.0
    ],
    "spinning_friction_coefficient": 10000000.0,
    "COM": [
        0.0,
        0.0,
        0.0
    ],
    "gravity": [
        0,
        0,
        0
    ],
    "force_flat_shading": true,
    "is_collidable": true,
    "use_mesh_for_collision": true,
    "semantic_id": 9,
    "semantic_category": "keys"
}