{
    "scale": [
        0.00029300562953515615,
        0.00029300562953515615,
        0.00029300562953515615
    ],
    "friction_coefficient": 10000000.0,
    "render_asset": "9fb8961a41f04f2db395e2f0db1a14b8.glb",
    "requires_lighting": true,
    "up": [
        0.0,
        1.0,
        0.0
    ],
    "front": [
        0.0,
        1.0,
        0.0
    ],
    "spinning_friction_coefficient": 10000000.0,
    "COM": [
        0.0,
        0.0,
        0.0
    ],
    "gravity": [
        0,
        0,
        0
    ],
    "force_flat_shading": true,
    "is_collidable": true,
    "use_mesh_for_collision": true,
    "semantic_id": 12,
    "semantic_category": "shoes"
}