{
    "scale": [
        0.3495313630031042,
        0.3495313630031042,
        0.3495313630031042
    ],
    "friction_coefficient": 10000000.0,
    "render_asset": "a3e87603874446cdacdd8ef619fd562a.glb",
    "requires_lighting": true,
    "up": [
        0.0,
        1.0,
        0.0
    ],
    "front": [
        0.0,
        1.0,
        0.0
    ],
    "spinning_friction_coefficient": 10000000.0,
    "COM": [
        0.0,
        0.0,
        0.0
    ],
    "gravity": [
        0,
        0,
        0
    ],
    "force_flat_shading": true,
    "is_collidable": true,
    "use_mesh_for_collision": true,
    "semantic_id": 9,
    "semantic_category": "keys"
}