{
    "scale": [
        0.00024234559178632625,
        0.00024234559178632625,
        0.00024234559178632625
    ],
    "friction_coefficient": 10000000.0,
    "render_asset": "a552734ef6834a74b3084a89c6dab17d.glb",
    "requires_lighting": true,
    "up": [
        0.0,
        1.0,
        0.0
    ],
    "front": [
        0.0,
        1.0,
        0.0
    ],
    "spinning_friction_coefficient": 10000000.0,
    "COM": [
        0.0,
        0.0,
        0.0
    ],
    "gravity": [
        0,
        0,
        0
    ],
    "force_flat_shading": true,
    "is_collidable": true,
    "use_mesh_for_collision": true,
    "semantic_id": 9,
    "semantic_category": "keys"
}