{
    "scale": [
        0.010909310538560781,
        0.010909310538560781,
        0.010909310538560781
    ],
    "friction_coefficient": 10000000.0,
    "render_asset": "a9dee926a7d14e378bbf50b86c71ac3d.glb",
    "requires_lighting": true,
    "up": [
        0.0,
        1.0,
        0.0
    ],
    "front": [
        0.0,
        1.0,
        0.0
    ],
    "spinning_friction_coefficient": 10000000.0,
    "COM": [
        0.0,
        0.0,
        0.0
    ],
    "gravity": [
        0,
        0,
        0
    ],
    "force_flat_shading": true,
    "is_collidable": true,
    "use_mesh_for_collision": true,
    "semantic_id": 5,
    "semantic_category": "cellphone"
}