{
    "scale": [
        0.009997569552093797,
        0.009997569552093797,
        0.009997569552093797
    ],
    "friction_coefficient": 10000000.0,
    "render_asset": "ac8438707f384414a8ef7de58ca17b9c.glb",
    "requires_lighting": true,
    "up": [
        0.0,
        1.0,
        0.0
    ],
    "front": [
        0.0,
        1.0,
        0.0
    ],
    "spinning_friction_coefficient": 10000000.0,
    "COM": [
        0.0,
        0.0,
        0.0
    ],
    "gravity": [
        0,
        0,
        0
    ],
    "force_flat_shading": true,
    "is_collidable": true,
    "use_mesh_for_collision": true,
    "semantic_id": 2,
    "semantic_category": "ball"
}