{
    "scale": [
        0.00022972066026753166,
        0.00022972066026753166,
        0.00022972066026753166
    ],
    "friction_coefficient": 10000000.0,
    "render_asset": "af35a59d5ea94b00b9ee37d4eda10b1f.glb",
    "requires_lighting": true,
    "up": [
        0.0,
        1.0,
        0.0
    ],
    "front": [
        0.0,
        1.0,
        0.0
    ],
    "spinning_friction_coefficient": 10000000.0,
    "COM": [
        0.0,
        0.0,
        0.0
    ],
    "gravity": [
        0,
        0,
        0
    ],
    "force_flat_shading": true,
    "is_collidable": true,
    "use_mesh_for_collision": true,
    "semantic_id": 9,
    "semantic_category": "keys"
}