{
    "scale": [
        0.07690108212700678,
        0.07690108212700678,
        0.07690108212700678
    ],
    "friction_coefficient": 10000000.0,
    "render_asset": "b13a0d69d6ca48d4b125de2cc2e7f940.glb",
    "requires_lighting": true,
    "up": [
        0.0,
        1.0,
        0.0
    ],
    "front": [
        0.0,
        1.0,
        0.0
    ],
    "spinning_friction_coefficient": 10000000.0,
    "COM": [
        0.0,
        0.0,
        0.0
    ],
    "gravity": [
        0,
        0,
        0
    ],
    "force_flat_shading": true,
    "is_collidable": true,
    "use_mesh_for_collision": true,
    "semantic_id": 2,
    "semantic_category": "ball"
}