{
    "scale": [
        2.5203223639299814,
        2.5203223639299814,
        2.5203223639299814
    ],
    "friction_coefficient": 10000000.0,
    "render_asset": "b24f1980dea749f59eb8ace6946393ad.glb",
    "requires_lighting": true,
    "up": [
        0.0,
        1.0,
        0.0
    ],
    "front": [
        0.0,
        1.0,
        0.0
    ],
    "spinning_friction_coefficient": 10000000.0,
    "COM": [
        0.0,
        0.0,
        0.0
    ],
    "gravity": [
        0,
        0,
        0
    ],
    "force_flat_shading": true,
    "is_collidable": true,
    "use_mesh_for_collision": true,
    "semantic_id": 1,
    "semantic_category": "bag"
}