{
    "scale": [
        0.0015180160450958297,
        0.0015180160450958297,
        0.0015180160450958297
    ],
    "friction_coefficient": 10000000.0,
    "render_asset": "b6bfe1c7bb3b4fd691f24914e430a2b2.glb",
    "requires_lighting": true,
    "up": [
        0.0,
        1.0,
        0.0
    ],
    "front": [
        0.0,
        1.0,
        0.0
    ],
    "spinning_friction_coefficient": 10000000.0,
    "COM": [
        0.0,
        0.0,
        0.0
    ],
    "gravity": [
        0,
        0,
        0
    ],
    "force_flat_shading": true,
    "is_collidable": true,
    "use_mesh_for_collision": true,
    "semantic_id": 2,
    "semantic_category": "ball"
}