{
    "scale": [
        0.8082773072732554,
        0.8082773072732554,
        0.8082773072732554
    ],
    "friction_coefficient": 10000000.0,
    "render_asset": "ba8cd12090ce40ca8a649cf6d8cf8096.glb",
    "requires_lighting": true,
    "up": [
        0.0,
        1.0,
        0.0
    ],
    "front": [
        0.0,
        1.0,
        0.0
    ],
    "spinning_friction_coefficient": 10000000.0,
    "COM": [
        0.0,
        0.0,
        0.0
    ],
    "gravity": [
        0,
        0,
        0
    ],
    "force_flat_shading": true,
    "is_collidable": true,
    "use_mesh_for_collision": true,
    "semantic_id": 0,
    "semantic_category": "backpack"
}