{
    "scale": [
        0.08038845903966302,
        0.08038845903966302,
        0.08038845903966302
    ],
    "friction_coefficient": 10000000.0,
    "render_asset": "bb3a3736110a41bdacc9f92e11831a41.glb",
    "requires_lighting": true,
    "up": [
        0.0,
        1.0,
        0.0
    ],
    "front": [
        0.0,
        1.0,
        0.0
    ],
    "spinning_friction_coefficient": 10000000.0,
    "COM": [
        0.0,
        0.0,
        0.0
    ],
    "gravity": [
        0,
        0,
        0
    ],
    "force_flat_shading": true,
    "is_collidable": true,
    "use_mesh_for_collision": true,
    "semantic_id": 6,
    "semantic_category": "eyeglasses"
}