{
    "scale": [
        0.009846660002225656,
        0.009846660002225656,
        0.009846660002225656
    ],
    "friction_coefficient": 10000000.0,
    "render_asset": "c18cd4eb71c2449589b3f82fd83ea49b.glb",
    "requires_lighting": true,
    "up": [
        0.0,
        1.0,
        0.0
    ],
    "front": [
        0.0,
        1.0,
        0.0
    ],
    "spinning_friction_coefficient": 10000000.0,
    "COM": [
        0.0,
        0.0,
        0.0
    ],
    "gravity": [
        0,
        0,
        0
    ],
    "force_flat_shading": true,
    "is_collidable": true,
    "use_mesh_for_collision": true,
    "semantic_id": 17,
    "semantic_category": "watch"
}