{
    "scale": [
        1.0154454411015956,
        1.0154454411015956,
        1.0154454411015956
    ],
    "friction_coefficient": 10000000.0,
    "render_asset": "c9c0d15472fd4537aa904e290848f142.glb",
    "requires_lighting": true,
    "up": [
        0.0,
        1.0,
        0.0
    ],
    "front": [
        0.0,
        1.0,
        0.0
    ],
    "spinning_friction_coefficient": 10000000.0,
    "COM": [
        0.0,
        0.0,
        0.0
    ],
    "gravity": [
        0,
        0,
        0
    ],
    "force_flat_shading": true,
    "is_collidable": true,
    "use_mesh_for_collision": true,
    "semantic_id": 5,
    "semantic_category": "cellphone"
}