{
    "scale": [
        1.6823624021627221,
        1.6823624021627221,
        1.6823624021627221
    ],
    "friction_coefficient": 10000000.0,
    "render_asset": "ce29a185c5c94e2684315e73c37513ce.glb",
    "requires_lighting": true,
    "up": [
        0.0,
        1.0,
        0.0
    ],
    "front": [
        0.0,
        1.0,
        0.0
    ],
    "spinning_friction_coefficient": 10000000.0,
    "COM": [
        0.0,
        0.0,
        0.0
    ],
    "gravity": [
        0,
        0,
        0
    ],
    "force_flat_shading": true,
    "is_collidable": true,
    "use_mesh_for_collision": true,
    "semantic_id": 15,
    "semantic_category": "visor"
}