{
    "scale": [
        0.009654314515531462,
        0.009654314515531462,
        0.009654314515531462
    ],
    "friction_coefficient": 10000000.0,
    "render_asset": "d0f27a597d064d9098d33d43de223fdf.glb",
    "requires_lighting": true,
    "up": [
        0.0,
        1.0,
        0.0
    ],
    "front": [
        0.0,
        1.0,
        0.0
    ],
    "spinning_friction_coefficient": 10000000.0,
    "COM": [
        0.0,
        0.0,
        0.0
    ],
    "gravity": [
        0,
        0,
        0
    ],
    "force_flat_shading": true,
    "is_collidable": true,
    "use_mesh_for_collision": true,
    "semantic_id": 16,
    "semantic_category": "wallet"
}