{
    "scale": [
        0.020132658579100127,
        0.020132658579100127,
        0.020132658579100127
    ],
    "friction_coefficient": 10000000.0,
    "render_asset": "d1e3aa0ba0b749d099cd7fef367d8077.glb",
    "requires_lighting": true,
    "up": [
        0.0,
        1.0,
        0.0
    ],
    "front": [
        0.0,
        1.0,
        0.0
    ],
    "spinning_friction_coefficient": 10000000.0,
    "COM": [
        0.0,
        0.0,
        0.0
    ],
    "gravity": [
        0,
        0,
        0
    ],
    "force_flat_shading": true,
    "is_collidable": true,
    "use_mesh_for_collision": true,
    "semantic_id": 8,
    "semantic_category": "headphones"
}