{
    "scale": [
        0.051928922972609155,
        0.051928922972609155,
        0.051928922972609155
    ],
    "friction_coefficient": 10000000.0,
    "render_asset": "d26e9bfce2644bb7af6710c6511ea718.glb",
    "requires_lighting": true,
    "up": [
        0.0,
        1.0,
        0.0
    ],
    "front": [
        0.0,
        1.0,
        0.0
    ],
    "spinning_friction_coefficient": 10000000.0,
    "COM": [
        0.0,
        0.0,
        0.0
    ],
    "gravity": [
        0,
        0,
        0
    ],
    "force_flat_shading": true,
    "is_collidable": true,
    "use_mesh_for_collision": true,
    "semantic_id": 11,
    "semantic_category": "mug"
}