{
    "scale": [
        0.052422546499399904,
        0.052422546499399904,
        0.052422546499399904
    ],
    "friction_coefficient": 10000000.0,
    "render_asset": "d4ac94e8be0a4c3085f72c927aa4d66b.glb",
    "requires_lighting": true,
    "up": [
        0.0,
        1.0,
        0.0
    ],
    "front": [
        0.0,
        1.0,
        0.0
    ],
    "spinning_friction_coefficient": 10000000.0,
    "COM": [
        0.0,
        0.0,
        0.0
    ],
    "gravity": [
        0,
        0,
        0
    ],
    "force_flat_shading": true,
    "is_collidable": true,
    "use_mesh_for_collision": true,
    "semantic_id": 2,
    "semantic_category": "ball"
}