{
    "scale": [
        0.0009633748479038101,
        0.0009633748479038101,
        0.0009633748479038101
    ],
    "friction_coefficient": 10000000.0,
    "render_asset": "d7225bdd1d6c42d992485d72438cab28.glb",
    "requires_lighting": true,
    "up": [
        0.0,
        1.0,
        0.0
    ],
    "front": [
        0.0,
        1.0,
        0.0
    ],
    "spinning_friction_coefficient": 10000000.0,
    "COM": [
        0.0,
        0.0,
        0.0
    ],
    "gravity": [
        0,
        0,
        0
    ],
    "force_flat_shading": true,
    "is_collidable": true,
    "use_mesh_for_collision": true,
    "semantic_id": 0,
    "semantic_category": "backpack"
}