{
    "scale": [
        0.9406007139343138,
        0.9406007139343138,
        0.9406007139343138
    ],
    "friction_coefficient": 10000000.0,
    "render_asset": "d9c725a5fc8e4d169f8cae9f7f9b2a90.glb",
    "requires_lighting": true,
    "up": [
        0.0,
        1.0,
        0.0
    ],
    "front": [
        0.0,
        1.0,
        0.0
    ],
    "spinning_friction_coefficient": 10000000.0,
    "COM": [
        0.0,
        0.0,
        0.0
    ],
    "gravity": [
        0,
        0,
        0
    ],
    "force_flat_shading": true,
    "is_collidable": true,
    "use_mesh_for_collision": true,
    "semantic_id": 0,
    "semantic_category": "backpack"
}