{
    "scale": [
        0.01054362418859241,
        0.01054362418859241,
        0.01054362418859241
    ],
    "friction_coefficient": 10000000.0,
    "render_asset": "db4799c2c170447c959b391270729ad4.glb",
    "requires_lighting": true,
    "up": [
        0.0,
        1.0,
        0.0
    ],
    "front": [
        0.0,
        1.0,
        0.0
    ],
    "spinning_friction_coefficient": 10000000.0,
    "COM": [
        0.0,
        0.0,
        0.0
    ],
    "gravity": [
        0,
        0,
        0
    ],
    "force_flat_shading": true,
    "is_collidable": true,
    "use_mesh_for_collision": true,
    "semantic_id": 1,
    "semantic_category": "bag"
}