{
    "scale": [
        1.0383040231275604,
        1.0383040231275604,
        1.0383040231275604
    ],
    "friction_coefficient": 10000000.0,
    "render_asset": "dd975acf9eb7413ebadb0db16e450593.glb",
    "requires_lighting": true,
    "up": [
        0.0,
        1.0,
        0.0
    ],
    "front": [
        0.0,
        1.0,
        0.0
    ],
    "spinning_friction_coefficient": 10000000.0,
    "COM": [
        0.0,
        0.0,
        0.0
    ],
    "gravity": [
        0,
        0,
        0
    ],
    "force_flat_shading": true,
    "is_collidable": true,
    "use_mesh_for_collision": true,
    "semantic_id": 12,
    "semantic_category": "shoes"
}