{
    "scale": [
        0.0003388748939707616,
        0.0003388748939707616,
        0.0003388748939707616
    ],
    "friction_coefficient": 10000000.0,
    "render_asset": "e381a9a741c84f2685d485d73851588c.glb",
    "requires_lighting": true,
    "up": [
        0.0,
        1.0,
        0.0
    ],
    "front": [
        0.0,
        1.0,
        0.0
    ],
    "spinning_friction_coefficient": 10000000.0,
    "COM": [
        0.0,
        0.0,
        0.0
    ],
    "gravity": [
        0,
        0,
        0
    ],
    "force_flat_shading": true,
    "is_collidable": true,
    "use_mesh_for_collision": true,
    "semantic_id": 6,
    "semantic_category": "eyeglasses"
}