{
    "scale": [
        0.6750633694447408,
        0.6750633694447408,
        0.6750633694447408
    ],
    "friction_coefficient": 10000000.0,
    "render_asset": "e3a78e329e7d4050a1c9d1c0bd19e47f.glb",
    "requires_lighting": true,
    "up": [
        0.0,
        1.0,
        0.0
    ],
    "front": [
        0.0,
        1.0,
        0.0
    ],
    "spinning_friction_coefficient": 10000000.0,
    "COM": [
        0.0,
        0.0,
        0.0
    ],
    "gravity": [
        0,
        0,
        0
    ],
    "force_flat_shading": true,
    "is_collidable": true,
    "use_mesh_for_collision": true,
    "semantic_id": 17,
    "semantic_category": "watch"
}