{
    "scale": [
        0.0014803518189746084,
        0.0014803518189746084,
        0.0014803518189746084
    ],
    "friction_coefficient": 10000000.0,
    "render_asset": "ec14ee60607d48379fd381fc99e9a647.glb",
    "requires_lighting": true,
    "up": [
        0.0,
        1.0,
        0.0
    ],
    "front": [
        0.0,
        1.0,
        0.0
    ],
    "spinning_friction_coefficient": 10000000.0,
    "COM": [
        0.0,
        0.0,
        0.0
    ],
    "gravity": [
        0,
        0,
        0
    ],
    "force_flat_shading": true,
    "is_collidable": true,
    "use_mesh_for_collision": true,
    "semantic_id": 8,
    "semantic_category": "headphones"
}