{
    "scale": [
        0.009530640013319432,
        0.009530640013319432,
        0.009530640013319432
    ],
    "friction_coefficient": 10000000.0,
    "render_asset": "ee3043c821ef41f9a7e32826af267d20.glb",
    "requires_lighting": true,
    "up": [
        0.0,
        1.0,
        0.0
    ],
    "front": [
        0.0,
        1.0,
        0.0
    ],
    "spinning_friction_coefficient": 10000000.0,
    "COM": [
        0.0,
        0.0,
        0.0
    ],
    "gravity": [
        0,
        0,
        0
    ],
    "force_flat_shading": true,
    "is_collidable": true,
    "use_mesh_for_collision": true,
    "semantic_id": 16,
    "semantic_category": "wallet"
}