{
    "scale": [
        0.005479902105916611,
        0.005479902105916611,
        0.005479902105916611
    ],
    "friction_coefficient": 10000000.0,
    "render_asset": "efb3ef63a12c4b16b5ac0f66bbdf705d.glb",
    "requires_lighting": true,
    "up": [
        0.0,
        1.0,
        0.0
    ],
    "front": [
        0.0,
        1.0,
        0.0
    ],
    "spinning_friction_coefficient": 10000000.0,
    "COM": [
        0.0,
        0.0,
        0.0
    ],
    "gravity": [
        0,
        0,
        0
    ],
    "force_flat_shading": true,
    "is_collidable": true,
    "use_mesh_for_collision": true,
    "semantic_id": 5,
    "semantic_category": "cellphone"
}