{
    "scale": [
        0.0013324996060350746,
        0.0013324996060350746,
        0.0013324996060350746
    ],
    "friction_coefficient": 10000000.0,
    "render_asset": "f1ec3599a75941b1ba52d8bee4f32ab0.glb",
    "requires_lighting": true,
    "up": [
        0.0,
        1.0,
        0.0
    ],
    "front": [
        0.0,
        1.0,
        0.0
    ],
    "spinning_friction_coefficient": 10000000.0,
    "COM": [
        0.0,
        0.0,
        0.0
    ],
    "gravity": [
        0,
        0,
        0
    ],
    "force_flat_shading": true,
    "is_collidable": true,
    "use_mesh_for_collision": true,
    "semantic_id": 13,
    "semantic_category": "teddy_bear"
}