{
    "scale": [
        0.03139148569859743,
        0.03139148569859743,
        0.03139148569859743
    ],
    "friction_coefficient": 10000000.0,
    "render_asset": "f28f17e68205452c99a244971ab0f446.glb",
    "requires_lighting": true,
    "up": [
        0.0,
        1.0,
        0.0
    ],
    "front": [
        0.0,
        1.0,
        0.0
    ],
    "spinning_friction_coefficient": 10000000.0,
    "COM": [
        0.0,
        0.0,
        0.0
    ],
    "gravity": [
        0,
        0,
        0
    ],
    "force_flat_shading": true,
    "is_collidable": true,
    "use_mesh_for_collision": true,
    "semantic_id": 12,
    "semantic_category": "shoes"
}