{
    "scale": [
        0.9761060043120895,
        0.9761060043120895,
        0.9761060043120895
    ],
    "friction_coefficient": 10000000.0,
    "render_asset": "f36574e864da4b5cb5b285ff4c63fde5.glb",
    "requires_lighting": true,
    "up": [
        0.0,
        1.0,
        0.0
    ],
    "front": [
        0.0,
        1.0,
        0.0
    ],
    "spinning_friction_coefficient": 10000000.0,
    "COM": [
        0.0,
        0.0,
        0.0
    ],
    "gravity": [
        0,
        0,
        0
    ],
    "force_flat_shading": true,
    "is_collidable": true,
    "use_mesh_for_collision": true,
    "semantic_id": 12,
    "semantic_category": "shoes"
}