{
    "scale": [
        1.3192877258319975,
        1.3192877258319975,
        1.3192877258319975
    ],
    "friction_coefficient": 10000000.0,
    "render_asset": "fbad4cb705104df9b60cab174680707a.glb",
    "requires_lighting": true,
    "up": [
        0.0,
        1.0,
        0.0
    ],
    "front": [
        0.0,
        1.0,
        0.0
    ],
    "spinning_friction_coefficient": 10000000.0,
    "COM": [
        0.0,
        0.0,
        0.0
    ],
    "gravity": [
        0,
        0,
        0
    ],
    "force_flat_shading": true,
    "is_collidable": true,
    "use_mesh_for_collision": true,
    "semantic_id": 17,
    "semantic_category": "watch"
}