{
    "scale": [
        7.982485603782748,
        7.982485603782748,
        7.982485603782748
    ],
    "friction_coefficient": 10000000.0,
    "render_asset": "fc8215012a1a4523a1e11ccf7a1d3062.glb",
    "requires_lighting": true,
    "up": [
        0.0,
        1.0,
        0.0
    ],
    "front": [
        0.0,
        1.0,
        0.0
    ],
    "spinning_friction_coefficient": 10000000.0,
    "COM": [
        0.0,
        0.0,
        0.0
    ],
    "gravity": [
        0,
        0,
        0
    ],
    "force_flat_shading": true,
    "is_collidable": true,
    "use_mesh_for_collision": true,
    "semantic_id": 1,
    "semantic_category": "bag"
}