{
    "scale": [
        0.0018120500064089796,
        0.0018120500064089796,
        0.0018120500064089796
    ],
    "friction_coefficient": 10000000.0,
    "render_asset": "fddc4e68cc6c498b88b19af1a05bd420.glb",
    "requires_lighting": true,
    "up": [
        0.0,
        1.0,
        0.0
    ],
    "front": [
        0.0,
        1.0,
        0.0
    ],
    "spinning_friction_coefficient": 10000000.0,
    "COM": [
        0.0,
        0.0,
        0.0
    ],
    "gravity": [
        0,
        0,
        0
    ],
    "force_flat_shading": true,
    "is_collidable": true,
    "use_mesh_for_collision": true,
    "semantic_id": 10,
    "semantic_category": "laptop"
}